{"profile": "data-package", "resources": [{"path": "data/occurrence.csv", "profile": "tabular-data-resource", "name": "occurrence", "format": "csv", "mediatype": "text/csv", "encoding": "utf-8", "schema": {"fields": [{"name": "id", "type": "string", "format": "default"}, {"name": "modified", "type": "date", "format": "default"}, {"name": "institutionCode", "type": "string", "format": "default"}, {"name": "collectionCode", "type": "string", "format": "default"}, {"name": "basisOfRecord", "type": "string", "format": "default"}, {"name": "occurrenceID", "type": "string", "format": "default"}, {"name": "catalogNumber", "type": "integer", "format": "default"}, {"name": "individualCount", "type": "integer", "format": "default"}, {"name": "sex", "type": "string", "format": "default"}, {"name": "lifeStage", "type": "string", "format": "default"}, {"name": "eventDate", "type": "date", "format": "default"}, {"name": "year", "type": "integer", "format": "default"}, {"name": "month", "type": "integer", "format": "default"}, {"name": "day", "type": "integer", "format": "default"}, {"name": "fieldNotes", "type": "string", "format": "default"}, {"name": "countryCode", "type": "string", "format": "default"}, {"name": "locality", "type": "string", "format": "default"}, {"name": "verbatimCoordinates", "type": "string", "format": "default"}, {"name": "verbatimCoordinateSystem", "type": "string", "format": "default"}, {"name": "decimalLatitude", "type": "number", "format": "default"}, {"name": "decimalLongitude", "type": "number", "format": "default"}, {"name": "geodeticDatum", "type": "string", "format": "default"}, {"name": "coordinateUncertaintyInMeters", "type": "integer", "format": "default"}, {"name": "pointRadiusSpatialFit", "type": "number", "format": "default"}, {"name": "identifiedBy", "type": "string", "format": "default"}, {"name": "scientificName", "type": "string", "format": "default"}, {"name": "kingdom", "type": "string", "format": "default"}, {"name": "phylum", "type": "string", "format": "default"}, {"name": "class", "type": "string", "format": "default"}, {"name": "order", "type": "string", "format": "default"}, {"name": "family", "type": "string", "format": "default"}, {"name": "genus", "type": "string", "format": "default"}, {"name": "specificEpithet", "type": "string", "format": "default"}, {"name": "nomenclaturalCode", "type": "string", "format": "default"}], "missingValues": [""]}}, {"path": "data/meta.xml", "profile": "data-resource", "name": "meta", "format": "xml", "mediatype": "text/xml", "encoding": "utf-8"}, {"path": "data/eml.xml", "profile": "data-resource", "name": "eml", "format": "xml", "mediatype": "text/xml", "encoding": "utf-8"}]}